id,type,actor_id,repo_id,created_at
23487929637,IssueCommentEvent,1696078,75340147,2022-08-17T15:51:05Z
23487929676,PushEvent,66924041,525526680,2022-08-17T15:51:05Z
23487929674,PushEvent,74971347,512700417,2022-08-17T15:51:05Z
23487929661,PushEvent,91143053,525851446,2022-08-17T15:51:05Z
23487929682,PushEvent,60825784,505029866,2022-08-17T15:51:05Z
23487929673,PushEvent,102357035,525845306,2022-08-17T15:51:05Z
23487929588,PushEvent,46447321,274724694,2022-08-17T15:51:05Z
23487929636,CreateEvent,41898282,523780252,2022-08-17T15:51:05Z
23487929580,IssuesEvent,21972349,524701461,2022-08-17T15:51:05Z
23487929591,PushEvent,17869732,164541747,2022-08-17T15:51:05Z
23487929533,PushEvent,37043957,524655561,2022-08-17T15:51:05Z
23487929573,PushEvent,22376627,264221410,2022-08-17T15:51:05Z
23487929349,PushEvent,90624848,472789273,2022-08-17T15:51:04Z
23487929578,PushEvent,98659638,487950724,2022-08-17T15:51:05Z
23487929597,IssueCommentEvent,32714304,432870871,2022-08-17T15:51:05Z
23487929522,ReleaseEvent,41898282,523780252,2022-08-17T15:51:05Z
23487929560,PushEvent,111369888,525845966,2022-08-17T15:51:05Z
23487929536,PushEvent,5146167,522475355,2022-08-17T15:51:05Z
23487929501,DeleteEvent,34882892,280075452,2022-08-17T15:51:05Z
23487929523,PushEvent,12437240,524300625,2022-08-17T15:51:05Z
23487929494,PushEvent,39814207,502695999,2022-08-17T15:51:05Z
23487929532,PushEvent,75855221,381424857,2022-08-17T15:51:05Z
23487929508,CreateEvent,90800936,525860418,2022-08-17T15:51:05Z
23487929447,PushEvent,102809970,507821009,2022-08-17T15:51:05Z
23487929496,DeleteEvent,111434456,525800293,2022-08-17T15:51:05Z
23487929420,PushEvent,5981249,55965971,2022-08-17T15:51:05Z
23487929439,PushEvent,41898282,266811533,2022-08-17T15:51:05Z
23487929452,PushEvent,23216921,406699027,2022-08-17T15:51:05Z
23487929428,IssuesEvent,21071133,501154542,2022-08-17T15:51:05Z
23487929425,IssueCommentEvent,28898909,239809522,2022-08-17T15:51:05Z
23488014775,PushEvent,100631798,520238237,2022-08-17T15:55:05Z
23488014835,PushEvent,50076953,183910394,2022-08-17T15:55:05Z
23488014776,PushEvent,266306,525809133,2022-08-17T15:55:05Z
23488014811,PushEvent,533180,494995936,2022-08-17T15:55:05Z
23488014823,PublicEvent,45897686,463636623,2022-08-17T15:55:05Z
23488014790,CreateEvent,111345762,525861687,2022-08-17T15:55:05Z
23488014819,WatchEvent,34191203,81810486,2022-08-17T15:55:05Z
23488014824,DeleteEvent,41286756,317845893,2022-08-17T15:55:05Z
23488014774,CreateEvent,104261999,525861731,2022-08-17T15:55:05Z
23488014739,IssueCommentEvent,105309205,177839194,2022-08-17T15:55:05Z
23488014693,PushEvent,64238609,525009005,2022-08-17T15:55:05Z
23488014738,PushEvent,18267059,438699285,2022-08-17T15:55:05Z
23488014721,PushEvent,17339907,484628799,2022-08-17T15:55:05Z
23488014712,PushEvent,106313266,521245400,2022-08-17T15:55:05Z
23488014704,PushEvent,81696881,443946633,2022-08-17T15:55:05Z
23488014702,PushEvent,23103004,511161013,2022-08-17T15:55:05Z
23488014728,PushEvent,107489195,504768904,2022-08-17T15:55:05Z
23488014709,PushEvent,33073024,371501013,2022-08-17T15:55:05Z
23488014769,CreateEvent,99908577,525861732,2022-08-17T15:55:05Z
23488014740,PushEvent,55003092,525476229,2022-08-17T15:55:05Z
23488014725,IssueCommentEvent,773186,91594105,2022-08-17T15:55:05Z
23488014708,IssuesEvent,40209448,67433627,2022-08-17T15:55:05Z
23488014752,PullRequestReviewEvent,71764184,2310495,2022-08-17T15:55:05Z
23488014635,PushEvent,42854223,506631492,2022-08-17T15:55:05Z
23488014633,PushEvent,41898282,371422187,2022-08-17T15:55:05Z
23488014680,PullRequestReviewCommentEvent,13384921,50386243,2022-08-17T15:54:51Z
23488014638,PullRequestReviewEvent,13384921,50386243,2022-08-17T15:55:05Z
23488014647,PushEvent,47776594,518935066,2022-08-17T15:55:05Z
23488014662,PushEvent,100371567,523548128,2022-08-17T15:55:05Z
23488014629,PushEvent,62687145,250208038,2022-08-17T15:55:05Z
23487985360,PushEvent,17046279,523499555,2022-08-17T15:53:42Z
23487985346,PullRequestReviewCommentEvent,77382887,47574295,2022-08-17T15:50:35Z
23487985321,PullRequestReviewEvent,77382887,47574295,2022-08-17T15:53:42Z
23487985350,PullRequestReviewEvent,53189160,518116339,2022-08-17T15:53:42Z
23487985373,PullRequestReviewCommentEvent,53189160,518116339,2022-08-17T15:24:44Z
23487985331,PullRequestReviewCommentEvent,53189160,518116339,2022-08-17T15:23:27Z
23487985353,IssuesEvent,101668167,294616630,2022-08-17T15:53:42Z
23487985271,PushEvent,80751634,348289466,2022-08-17T15:53:42Z
23487985289,PushEvent,101674460,525468623,2022-08-17T15:53:42Z
23487985292,WatchEvent,84594955,7895941,2022-08-17T15:53:42Z
23487985343,WatchEvent,65808924,496556366,2022-08-17T15:53:42Z
23487985312,IssuesEvent,1203432,181560846,2022-08-17T15:53:42Z
23487985326,PullRequestReviewCommentEvent,53189160,518116339,2022-08-17T15:24:10Z
23487985276,PushEvent,89231237,522104148,2022-08-17T15:53:42Z
23487985280,PushEvent,32245309,513139142,2022-08-17T15:53:42Z
23487985281,PushEvent,88921269,523970273,2022-08-17T15:53:42Z
23487985272,PushEvent,1889403,525129775,2022-08-17T15:53:42Z
23487985270,CreateEvent,110401162,525861309,2022-08-17T15:53:42Z
23487985293,PullRequestEvent,102963495,477668666,2022-08-17T15:53:42Z
23487985250,PullRequestReviewEvent,77382887,47574295,2022-08-17T15:53:42Z
23487985234,IssueCommentEvent,75433959,75224144,2022-08-17T15:53:42Z
23487985254,PushEvent,60316309,500139646,2022-08-17T15:53:42Z
23487985231,IssueCommentEvent,1203432,181560846,2022-08-17T15:53:42Z
23487985242,PullRequestReviewEvent,53189160,518116339,2022-08-17T15:53:42Z
23487985209,PullRequestReviewCommentEvent,73119570,125008594,2022-08-17T15:47:18Z
23487985185,IssueCommentEvent,108016524,227561999,2022-08-17T15:53:42Z
23487985187,PullRequestReviewEvent,15222168,396935505,2022-08-17T15:53:42Z
23487985213,PushEvent,89910257,34167510,2022-08-17T15:53:42Z
23487985184,PushEvent,88154716,390774959,2022-08-17T15:53:42Z
23487985178,PushEvent,64787351,414147614,2022-08-17T15:53:42Z
23488007867,PushEvent,40192655,514690004,2022-08-17T15:54:45Z
23488007871,PushEvent,15108577,488121371,2022-08-17T15:54:45Z
23488007894,PushEvent,56824428,525860679,2022-08-17T15:54:45Z
23488007886,CreateEvent,92843337,525861128,2022-08-17T15:54:45Z
23488007941,CreateEvent,111448857,525861642,2022-08-17T15:54:45Z
23488007824,PushEvent,106591964,525033894,2022-08-17T15:54:45Z
23488007819,PushEvent,77368399,413138123,2022-08-17T15:54:45Z
23488007807,PushEvent,41898282,416432811,2022-08-17T15:54:45Z
23488007835,PushEvent,100631798,520238237,2022-08-17T15:54:45Z
23488007809,PushEvent,110987124,525858098,2022-08-17T15:54:45Z
23488007842,PushEvent,8517910,410004573,2022-08-17T15:54:45Z
23488007844,PushEvent,41898282,388772917,2022-08-17T15:54:45Z
23488007825,PushEvent,52455419,332031783,2022-08-17T15:54:45Z
23488007865,CreateEvent,44069,400147654,2022-08-17T15:54:45Z
23488007821,PushEvent,686971,288543809,2022-08-17T15:54:45Z
23488007797,PushEvent,1570877,525837168,2022-08-17T15:54:45Z
23488007810,PushEvent,97834402,523895419,2022-08-17T15:54:45Z
23488007799,CreateEvent,98466955,525861640,2022-08-17T15:54:45Z
23488007815,CreateEvent,110988742,525861639,2022-08-17T15:54:45Z
23488007748,PushEvent,84789330,525861259,2022-08-17T15:54:45Z
23488007803,PushEvent,41898282,499932232,2022-08-17T15:54:45Z
23488007753,PushEvent,41898282,504997209,2022-08-17T15:54:45Z
23488007776,PushEvent,104889074,520938759,2022-08-17T15:54:45Z
23488007781,PushEvent,104744021,525851500,2022-08-17T15:54:45Z
23488007743,PushEvent,228037,69051421,2022-08-17T15:54:45Z
23488007745,PushEvent,17073422,503306301,2022-08-17T15:54:45Z
23488007751,PushEvent,43329036,525833130,2022-08-17T15:54:45Z
23488007758,PushEvent,41898282,390310800,2022-08-17T15:54:45Z
23488007754,PushEvent,110601895,525540976,2022-08-17T15:54:45Z
23488007738,PushEvent,38593095,512295715,2022-08-17T15:54:45Z
23487963576,WatchEvent,44167236,6296790,2022-08-17T15:52:40Z
23487963624,CreateEvent,111333037,525860969,2022-08-17T15:52:40Z
23487963529,PushEvent,65502770,350706029,2022-08-17T15:52:40Z
23487963558,IssueCommentEvent,99458559,226399669,2022-08-17T15:52:40Z
23487963581,PullRequestEvent,3787410,521980272,2022-08-17T15:52:40Z
23487963532,PushEvent,11596368,438998478,2022-08-17T15:52:40Z
23487963524,PushEvent,82401504,525362201,2022-08-17T15:52:40Z
23487963526,PushEvent,60316309,500139646,2022-08-17T15:52:40Z
23487963492,PushEvent,37953029,268298723,2022-08-17T15:52:40Z
23487963504,DeleteEvent,28701858,399546191,2022-08-17T15:52:40Z
23487963536,PullRequestReviewEvent,22668539,512700417,2022-08-17T15:52:40Z
23487963495,CreateEvent,111433069,525860287,2022-08-17T15:52:40Z
23487963522,PushEvent,100686237,522510250,2022-08-17T15:52:40Z
23487963444,PushEvent,111448530,525859727,2022-08-17T15:52:40Z
23487963462,PullRequestEvent,86944161,509700187,2022-08-17T15:52:40Z
23487963480,IssuesEvent,10712109,138224079,2022-08-17T15:52:40Z
23487963457,PushEvent,368735,495043847,2022-08-17T15:52:40Z
23487963413,PushEvent,55003092,525476229,2022-08-17T15:52:40Z
23487963429,PushEvent,17953978,435120097,2022-08-17T15:52:40Z
23487963448,PushEvent,94136524,484665561,2022-08-17T15:52:40Z
23487963440,PushEvent,13433317,483328134,2022-08-17T15:52:40Z
23487963411,IssueCommentEvent,10712109,138224079,2022-08-17T15:52:40Z
23487963456,IssueCommentEvent,37929162,399070715,2022-08-17T15:52:40Z
23487963426,WatchEvent,44158642,45356931,2022-08-17T15:52:40Z
23487963471,PullRequestEvent,19955562,176802984,2022-08-17T15:52:40Z
23487963425,CreateEvent,111345762,525860966,2022-08-17T15:52:40Z
23487963368,PushEvent,30538765,409344435,2022-08-17T15:52:40Z
23487963384,PushEvent,8517910,86929735,2022-08-17T15:52:40Z
23487963376,PushEvent,109001160,525552996,2022-08-17T15:52:40Z
23487963366,PushEvent,686971,288543809,2022-08-17T15:52:40Z
