23487985360,PushEvent,2022-08-17T15:53:42Z,17,8,2022
23487985346,PullRequestReviewCommentEvent,2022-08-17T15:50:35Z,17,8,2022
23487985321,PullRequestReviewEvent,2022-08-17T15:53:42Z,17,8,2022
23487985350,PullRequestReviewEvent,2022-08-17T15:53:42Z,17,8,2022
23487985373,PullRequestReviewCommentEvent,2022-08-17T15:24:44Z,17,8,2022
23487985331,PullRequestReviewCommentEvent,2022-08-17T15:23:27Z,17,8,2022
23487985353,IssuesEvent,2022-08-17T15:53:42Z,17,8,2022
23487985271,PushEvent,2022-08-17T15:53:42Z,17,8,2022
23487985289,PushEvent,2022-08-17T15:53:42Z,17,8,2022
23487985292,WatchEvent,2022-08-17T15:53:42Z,17,8,2022
23487985343,WatchEvent,2022-08-17T15:53:42Z,17,8,2022
23487985312,IssuesEvent,2022-08-17T15:53:42Z,17,8,2022
23487985326,PullRequestReviewCommentEvent,2022-08-17T15:24:10Z,17,8,2022
23487985276,PushEvent,2022-08-17T15:53:42Z,17,8,2022
23487985280,PushEvent,2022-08-17T15:53:42Z,17,8,2022
23487985281,PushEvent,2022-08-17T15:53:42Z,17,8,2022
23487985272,PushEvent,2022-08-17T15:53:42Z,17,8,2022
23487985270,CreateEvent,2022-08-17T15:53:42Z,17,8,2022
23487985293,PullRequestEvent,2022-08-17T15:53:42Z,17,8,2022
23487985250,PullRequestReviewEvent,2022-08-17T15:53:42Z,17,8,2022
23487985234,IssueCommentEvent,2022-08-17T15:53:42Z,17,8,2022
23487985254,PushEvent,2022-08-17T15:53:42Z,17,8,2022
23487985231,IssueCommentEvent,2022-08-17T15:53:42Z,17,8,2022
23487985242,PullRequestReviewEvent,2022-08-17T15:53:42Z,17,8,2022
23487985209,PullRequestReviewCommentEvent,2022-08-17T15:47:18Z,17,8,2022
23487985185,IssueCommentEvent,2022-08-17T15:53:42Z,17,8,2022
23487985187,PullRequestReviewEvent,2022-08-17T15:53:42Z,17,8,2022
23487985213,PushEvent,2022-08-17T15:53:42Z,17,8,2022
23487985184,PushEvent,2022-08-17T15:53:42Z,17,8,2022
23487985178,PushEvent,2022-08-17T15:53:42Z,17,8,2022
23487963576,WatchEvent,2022-08-17T15:52:40Z,17,8,2022
23487963624,CreateEvent,2022-08-17T15:52:40Z,17,8,2022
23487963529,PushEvent,2022-08-17T15:52:40Z,17,8,2022
23487963558,IssueCommentEvent,2022-08-17T15:52:40Z,17,8,2022
23487963581,PullRequestEvent,2022-08-17T15:52:40Z,17,8,2022
23487963532,PushEvent,2022-08-17T15:52:40Z,17,8,2022
23487963524,PushEvent,2022-08-17T15:52:40Z,17,8,2022
23487963526,PushEvent,2022-08-17T15:52:40Z,17,8,2022
23487963492,PushEvent,2022-08-17T15:52:40Z,17,8,2022
23487963504,DeleteEvent,2022-08-17T15:52:40Z,17,8,2022
23487963536,PullRequestReviewEvent,2022-08-17T15:52:40Z,17,8,2022
23487963495,CreateEvent,2022-08-17T15:52:40Z,17,8,2022
23487963522,PushEvent,2022-08-17T15:52:40Z,17,8,2022
23487963444,PushEvent,2022-08-17T15:52:40Z,17,8,2022
23487963462,PullRequestEvent,2022-08-17T15:52:40Z,17,8,2022
23487963480,IssuesEvent,2022-08-17T15:52:40Z,17,8,2022
23487963457,PushEvent,2022-08-17T15:52:40Z,17,8,2022
23487963413,PushEvent,2022-08-17T15:52:40Z,17,8,2022
23487963429,PushEvent,2022-08-17T15:52:40Z,17,8,2022
23487963448,PushEvent,2022-08-17T15:52:40Z,17,8,2022
23487963440,PushEvent,2022-08-17T15:52:40Z,17,8,2022
23487963411,IssueCommentEvent,2022-08-17T15:52:40Z,17,8,2022
23487963456,IssueCommentEvent,2022-08-17T15:52:40Z,17,8,2022
23487963426,WatchEvent,2022-08-17T15:52:40Z,17,8,2022
23487963471,PullRequestEvent,2022-08-17T15:52:40Z,17,8,2022
23487963425,CreateEvent,2022-08-17T15:52:40Z,17,8,2022
23487963368,PushEvent,2022-08-17T15:52:40Z,17,8,2022
23487963384,PushEvent,2022-08-17T15:52:40Z,17,8,2022
23487963376,PushEvent,2022-08-17T15:52:40Z,17,8,2022
23487963366,PushEvent,2022-08-17T15:52:40Z,17,8,2022
